<?xml version="1.0" encoding="UTF-8"?>
<project-private xmlns="http://www.netbeans.org/ns/project-private/1">
    <editor-bookmarks xmlns="http://www.netbeans.org/ns/editor-bookmarks/2" lastBookmarkId="0"/>
    <open-files xmlns="http://www.netbeans.org/ns/projectui-open-files/2">
        <group>
            <file>file:/home/hongorzul/Desktop/elte/3rd-sem/prog%20tech/ass2PebbleGUI/src/colorclicker/Field.java</file>
            <file>file:/home/hongorzul/Desktop/elte/3rd-sem/prog%20tech/ass2PebbleGUI/src/colorclicker/ColorClickerGUI.java</file>
            <file>file:/home/hongorzul/Desktop/elte/3rd-sem/prog%20tech/ass2PebbleGUI/src/colorclicker/MatrixGUI.java</file>
            <file>file:/home/hongorzul/Desktop/elte/3rd-sem/prog%20tech/ass2PebbleGUI/src/colorclicker/Colorclicker.java</file>
        </group>
    </open-files>
</project-private>
