<?xml version="1.0" encoding="UTF-8"?>
<project-private xmlns="http://www.netbeans.org/ns/project-private/1">
    <editor-bookmarks xmlns="http://www.netbeans.org/ns/editor-bookmarks/2" lastBookmarkId="0"/>
    <open-files xmlns="http://www.netbeans.org/ns/projectui-open-files/2">
        <group>
            <file>file:/home/hongorzul/Desktop/elte/3rd%20sem/prog%20tech/Shape/src/shape/Hexagon.java</file>
            <file>file:/home/hongorzul/Desktop/elte/3rd%20sem/prog%20tech/Shape/src/shape/Triangle.java</file>
            <file>file:/home/hongorzul/Desktop/elte/3rd%20sem/prog%20tech/Shape/src/shape/Shape.java</file>
            <file>file:/home/hongorzul/Desktop/elte/3rd%20sem/prog%20tech/Shape/src/shape/Circle.java</file>
            <file>file:/home/hongorzul/Desktop/elte/3rd%20sem/prog%20tech/Shape/src/shape/List.java</file>
            <file>file:/home/hongorzul/Desktop/elte/3rd%20sem/prog%20tech/Shape/src/shape/Main.java</file>
            <file>file:/home/hongorzul/Desktop/elte/3rd%20sem/prog%20tech/Shape/src/shape/BoundingBox.java</file>
            <file>file:/home/hongorzul/Desktop/elte/3rd%20sem/prog%20tech/Shape/src/shape/Square.java</file>
            <file>file:/home/hongorzul/Desktop/elte/3rd%20sem/prog%20tech/Shape/src/shape/Point.java</file>
        </group>
    </open-files>
</project-private>
